url,redirect
/guidance/the-civil-procedure-rules,https://www.justice.gov.uk/courts/procedure-rules/civil/rules
/guidance/the-civil-procedure-rules/notes-on-practice-directions,https://www.justice.gov.uk/courts/procedure-rules/civil/rules/raprnotes
/guidance/the-civil-procedure-rules/part-1-overriding-objective,https://www.justice.gov.uk/courts/procedure-rules/civil/rules/part01
/guidance/the-civil-procedure-rules/practice-direction-1a-participation-of-vulnerable-parties-or-witnesses,https://www.justice.gov.uk/courts/procedure-rules/civil/rules/part01/practice-direction-1a-participation-of-vulnerable-parties-or-witnesses
/guidance/the-civil-procedure-rules/part-2-application-and-interpretation-of-the-rules,https://www.justice.gov.uk/courts/procedure-rules/civil/rules/part02
/guidance/the-civil-procedure-rules/practice-direction-2a-court-offices,https://www.justice.gov.uk/courts/procedure-rules/civil/rules/part02/pd_part02a
/guidance/the-civil-procedure-rules/practice-direction-2b-allocation-of-cases-to-levels-of-judiciary,https://www.justice.gov.uk/courts/procedure-rules/civil/rules/part02/pd_part02b
/guidance/the-civil-procedure-rules/practice-direction-2c-starting-proceedings-in-the-county-court,https://www.justice.gov.uk/courts/procedure-rules/civil/rules/part02/practice-direction-2c-starting-proceedings-in-the-county-court
/guidance/the-civil-procedure-rules/practice-direction-2d-references-in-the-rules-to-actions-done-by-the-court,https://www.justice.gov.uk/courts/procedure-rules/civil/rules/part02/practice-direction-2d-references-in-the-rules-to-actions-done-by-the-court
/guidance/the-civil-procedure-rules/practice-direction-2e-jurisdiction-of-the-county-court-that-maybe-be-exercised-by-a-legal-adviser,https://www.justice.gov.uk/courts/procedure-rules/civil/rules/part02/practice-direction-2e-jurisdiction-of-the-county-court-that-may-be-exercised-by-a-legal-adviser?SQ_VARIATION_174753=0
/guidance/the-civil-procedure-rules/practice-direction-2f-court-sittings,https://www.justice.gov.uk/courts/procedure-rules/civil/rules/part02/pd_part39b
/guidance/the-civil-procedure-rules/part-3-the-court-s-case-management-powers,https://www.justice.gov.uk/courts/procedure-rules/civil/rules/part03
/guidance/the-civil-procedure-rules/practice-direction-3a-striking-out-a-statement-of-case,https://www.justice.gov.uk/courts/procedure-rules/civil/rules/part03/pd_part03a
/guidance/the-civil-procedure-rules/practice-direction-3b-sanctions-for-non-payment-of-fees,https://www.justice.gov.uk/courts/procedure-rules/civil/rules/part03/pd_part03b
/guidance/the-civil-procedure-rules/practice-direction-3c-civil-restraint-orders,https://www.justice.gov.uk/courts/procedure-rules/civil/rules/part03/pd_part03c
/guidance/the-civil-procedure-rules/practice-direction-3d-mesothelioma-claims,https://www.justice.gov.uk/courts/procedure-rules/civil/rules/part03/pd_part03d
/guidance/the-civil-procedure-rules/practice-direction-3e-costs-management,https://www.justice.gov.uk/courts/procedure-rules/civil/rules/part03/practice-direction-3e-costs-management
/guidance/the-civil-procedure-rules/practice-direction-3f-costs-capping,https://www.justice.gov.uk/courts/procedure-rules/civil/rules/part03/practice-direction-3f-costs-capping
/guidance/the-civil-procedure-rules/practice-direction-3g-requests-for-the-appointment-of-an-advocate-to-the-court,https://www.justice.gov.uk/courts/procedure-rules/civil/rules/practice-direction-3g-requests-for-the-appointment-of-an-advocate-to-the-court
/guidance/the-civil-procedure-rules/part-4-forms,https://www.justice.gov.uk/courts/procedure-rules/civil/rules/part04
/guidance/the-civil-procedure-rules/practice-direction-4-court-forms,https://www.justice.gov.uk/courts/procedure-rules/civil/rules/part04/pd_part04
/guidance/the-civil-procedure-rules/part-5-court-documents,https://www.justice.gov.uk/courts/procedure-rules/civil/rules/part05
/guidance/the-civil-procedure-rules/practice-direction-5a-court-documents,https://www.justice.gov.uk/courts/procedure-rules/civil/rules/part05/pd_part05a
/guidance/the-civil-procedure-rules/practice-direction-5b-communication-and-filing-of-documents-by-e-mail,https://www.justice.gov.uk/courts/procedure-rules/civil/rules/part05/pd_part05b
/guidance/the-civil-procedure-rules/part-6-service-of-documents,https://www.justice.gov.uk/courts/procedure-rules/civil/rules/part06
/guidance/the-civil-procedure-rules/practice-direction-6a-service-within-the-united-kingdom,https://www.justice.gov.uk/courts/procedure-rules/civil/rules/part06/pd_part06a
/guidance/the-civil-procedure-rules/practice-direction-6b-service-out-of-the-jurisdiction,https://www.justice.gov.uk/courts/procedure-rules/civil/rules/part06/pd_part06b
/guidance/the-civil-procedure-rules/part-7-how-to-start-proceedings-the-claim-form,https://www.justice.gov.uk/courts/procedure-rules/civil/rules/part07
/guidance/the-civil-procedure-rules/practice-direction-7a-how-to-start-proceedings,https://www.justice.gov.uk/courts/procedure-rules/civil/rules/part07/pd_part07a
/guidance/the-civil-procedure-rules/practice-direction-7b-consumer-credit-act-2006-unfair-relationships,https://www.justice.gov.uk/courts/procedure-rules/civil/rules/part07/pd_part07b
/guidance/the-civil-procedure-rules/practice-direction-7c-production-centre,https://www.justice.gov.uk/courts/procedure-rules/civil/rules/part07/pd_part07c
/guidance/the-civil-procedure-rules/practice-direction-7d-claims-for-the-recovery-of-taxes-and-duties,https://www.justice.gov.uk/courts/procedure-rules/civil/rules/part07/pd_part07d
/guidance/the-civil-procedure-rules/practice-direction-7e-money-claim-online,https://www.justice.gov.uk/courts/procedure-rules/civil/rules/part07/pd_part07e
/guidance/the-civil-procedure-rules/part-8-alternative-procedure-for-claims,https://www.justice.gov.uk/courts/procedure-rules/civil/rules/part08
/guidance/the-civil-procedure-rules/practice-direction-8a-alternative-procedure-for-claims,https://www.justice.gov.uk/courts/procedure-rules/civil/rules/part08/pd_part08a
/guidance/the-civil-procedure-rules/practice-direction-8b-pre-action-protocol-for-low-value-personal-injury-claims-in-road-traffic-accidents-stage-3-procedure,https://www.justice.gov.uk/courts/procedure-rules/civil/rules/part08/pd_part08b
/guidance/the-civil-procedure-rules/practice-direction-8c-alternative-procedure-for-statutory-review-of-certain-planning-matters,https://www.justice.gov.uk/courts/procedure-rules/civil/rules/part08/practice-direction-8c-alternative-procedure-for-statutory-review-of-certain-planning-matters
/guidance/the-civil-procedure-rules/part-9-responding-to-particulars-of-claim-general,https://www.justice.gov.uk/courts/procedure-rules/civil/rules/part09
/guidance/the-civil-procedure-rules/part-10-acknowledgement-of-service,https://www.justice.gov.uk/courts/procedure-rules/civil/rules/part10
/guidance/the-civil-procedure-rules/practice-direction-10-acknowledgement-of-service,https://www.justice.gov.uk/courts/procedure-rules/civil/rules/part10/pd_part10
/guidance/the-civil-procedure-rules/part-11-disputing-the-court-s-jurisdiction,https://www.justice.gov.uk/courts/procedure-rules/civil/rules/part11
/guidance/the-civil-procedure-rules/part-12-default-judgment,https://www.justice.gov.uk/courts/procedure-rules/civil/rules/part12
/guidance/the-civil-procedure-rules/practice-direction-12-default-judgement,https://www.justice.gov.uk/courts/procedure-rules/civil/rules/part12/pd_part12
/guidance/the-civil-procedure-rules/part-13-setting-aside-or-varying-default-judgment,https://www.justice.gov.uk/courts/procedure-rules/civil/rules/part13
/guidance/the-civil-procedure-rules/part-14-admissions,https://www.justice.gov.uk/courts/procedure-rules/civil/rules/part14
/guidance/the-civil-procedure-rules/practice-direction-14-admissions,https://www.justice.gov.uk/courts/procedure-rules/civil/rules/part14/pd_part14
/guidance/the-civil-procedure-rules/part-15-defence-and-reply,https://www.justice.gov.uk/courts/procedure-rules/civil/rules/part15
/guidance/the-civil-procedure-rules/practice-direction-15-defence-and-reply,https://www.justice.gov.uk/courts/procedure-rules/civil/rules/part15/pd_part15
/guidance/the-civil-procedure-rules/part-16-statements-of-case,https://www.justice.gov.uk/courts/procedure-rules/civil/rules/part16
/guidance/the-civil-procedure-rules/practice-direction-16-statements-of-case,https://www.justice.gov.uk/courts/procedure-rules/civil/rules/part16/pd_part16
/guidance/the-civil-procedure-rules/part-17-amendments-to-statements-of-case,https://www.justice.gov.uk/courts/procedure-rules/civil/rules/part17
/guidance/the-civil-procedure-rules/practice-direction-17-amendments-to-statements-of-case,https://www.justice.gov.uk/courts/procedure-rules/civil/rules/part17/pd_part17
/guidance/the-civil-procedure-rules/part-18-further-information,https://www.justice.gov.uk/courts/procedure-rules/civil/rules/part18
/guidance/the-civil-procedure-rules/practice-direction-18-further-information,https://www.justice.gov.uk/courts/procedure-rules/civil/rules/part18/pd_part18
/guidance/the-civil-procedure-rules/part-19-parties-and-group-litigation,https://www.justice.gov.uk/courts/procedure-rules/civil/rules/part19
/guidance/the-civil-procedure-rules/practice-direction-19a-addition-and-substitution-of-parties,https://www.justice.gov.uk/courts/procedure-rules/civil/rules/part19/pd_part19a
/guidance/the-civil-procedure-rules/practice-direction-19b-group-litigation,https://www.justice.gov.uk/courts/procedure-rules/civil/rules/part19/pd_part19b
/guidance/the-civil-procedure-rules/practice-direction-19c-derivative-claims,https://www.justice.gov.uk/courts/procedure-rules/civil/rules/part19/pd_part19c
/guidance/the-civil-procedure-rules/part-20-counterclaims-and-other-additional-claims,https://www.justice.gov.uk/courts/procedure-rules/civil/rules/part20
/guidance/the-civil-procedure-rules/practice-direction-20-counterclaims-and-other-additional-claims,https://www.justice.gov.uk/courts/procedure-rules/civil/rules/part20/pd_part20
/guidance/the-civil-procedure-rules/part-21-children-and-protected-parties,https://www.justice.gov.uk/courts/procedure-rules/civil/rules/part21
/guidance/the-civil-procedure-rules/practice-direction-21,https://www.justice.gov.uk/courts/procedure-rules/civil/rules/part21/pd_part21
/guidance/the-civil-procedure-rules/part-22-statements-of-truth,https://www.justice.gov.uk/courts/procedure-rules/civil/rules/part22
/guidance/the-civil-procedure-rules/practice-direction-22,https://www.justice.gov.uk/courts/procedure-rules/civil/rules/part22/pd_part22
/guidance/the-civil-procedure-rules/part-23-general-rules-about-applications-for-court-orders,https://www.justice.gov.uk/courts/procedure-rules/civil/rules/part23
/guidance/the-civil-procedure-rules/practice-direction-23a-applications,https://www.justice.gov.uk/courts/procedure-rules/civil/rules/part23/pd_part23a
/guidance/the-civil-procedure-rules/practice-direction-23b-applications-under-particular-statutes,https://www.justice.gov.uk/courts/procedure-rules/civil/rules/part23/pd_part23b
/guidance/the-civil-procedure-rules/part-24-summary-judgment,https://www.justice.gov.uk/courts/procedure-rules/civil/rules/part24
/guidance/the-civil-procedure-rules/practice-direction-24,https://www.justice.gov.uk/courts/procedure-rules/civil/rules/part24/pd_part24
/guidance/the-civil-procedure-rules/part-25-interim-remedies-and-security-for-costs,https://www.justice.gov.uk/courts/procedure-rules/civil/rules/part25
/guidance/the-civil-procedure-rules/practice-direction-25a-interim-injunctions,https://www.justice.gov.uk/courts/procedure-rules/civil/rules/part25/pd_part25a
/guidance/the-civil-procedure-rules/practice-direction-25b-interim-payments,https://www.justice.gov.uk/courts/procedure-rules/civil/rules/part25/pd_part25b
/guidance/the-civil-procedure-rules/part-26-case-management-preliminary-stage,https://www.justice.gov.uk/courts/procedure-rules/civil/rules/part26
/guidance/the-civil-procedure-rules/practice-direction-26,https://www.justice.gov.uk/courts/procedure-rules/civil/rules/part26/pd_part26
/guidance/the-civil-procedure-rules/part-27-the-small-claims-track,https://www.justice.gov.uk/courts/procedure-rules/civil/rules/part27
/guidance/the-civil-procedure-rules/practice-direction-27-small-claims-track,https://www.justice.gov.uk/courts/procedure-rules/civil/rules/part27/pd_part27
/guidance/the-civil-procedure-rules/part-28-the-fast-track,https://www.justice.gov.uk/courts/procedure-rules/civil/rules/part28
/guidance/the-civil-procedure-rules/practice-direction-28,https://www.justice.gov.uk/courts/procedure-rules/civil/rules/part28/pd_part28
/guidance/the-civil-procedure-rules/part-29-the-multi-track,https://www.justice.gov.uk/courts/procedure-rules/civil/rules/part29
/guidance/the-civil-procedure-rules/practice-direction-29,https://www.justice.gov.uk/courts/procedure-rules/civil/rules/part29
/guidance/the-civil-procedure-rules/part-30-transfer,https://www.justice.gov.uk/courts/procedure-rules/civil/rules/part30
/guidance/the-civil-procedure-rules/practice-direction-30,https://www.justice.gov.uk/courts/procedure-rules/civil/rules/part30/pd_part30
/guidance/the-civil-procedure-rules/part-31-disclosure-and-inspection-of-documents,https://www.justice.gov.uk/courts/procedure-rules/civil/rules/part31
/guidance/the-civil-procedure-rules/practice-direction-31a-disclosure-and-inspection,https://www.justice.gov.uk/courts/procedure-rules/civil/rules/part31/pd_part31a
/guidance/the-civil-procedure-rules/practice-direction-31b-disclosure-of-electronic-documents,https://www.justice.gov.uk/courts/procedure-rules/civil/rules/part31/pd_part31b
/guidance/the-civil-procedure-rules/practice-direction-31c-disclosure-and-inspection-in-relation-to-competition-claims,https://www.justice.gov.uk/courts/procedure-rules/civil/rules/part31/practice-direction-31c-disclosure-and-inspection-in-relation-to-competition-claims
/guidance/the-civil-procedure-rules/part-32-evidence,https://www.justice.gov.uk/courts/procedure-rules/civil/rules/part32
/guidance/the-civil-procedure-rules/practice-direction-32,https://www.justice.gov.uk/courts/procedure-rules/civil/rules/part32/pd_part32
/guidance/the-civil-procedure-rules/part-33-miscellaneous-rules-about-evidence,https://www.justice.gov.uk/courts/procedure-rules/civil/rules/part33
/guidance/the-civil-procedure-rules/practice-direction-33-civil-evidence-act,https://www.justice.gov.uk/courts/procedure-rules/civil/rules/part33/pd_part33
/guidance/the-civil-procedure-rules/part-34-witnesses-depositions-and-evidence-for-foreign-courts,https://www.justice.gov.uk/courts/procedure-rules/civil/rules/part34
/guidance/the-civil-procedure-rules/practice-direction-34a-depositions-and-court-attendance-by-witnesses,https://www.justice.gov.uk/courts/procedure-rules/civil/rules/part34/pd_part34a
/guidance/the-civil-procedure-rules/practice-direction-34b-fees-for-examiners-of-the-court,https://www.justice.gov.uk/courts/procedure-rules/civil/rules/part34/pd_part34b
/guidance/the-civil-procedure-rules/part-35-experts-and-assessors,https://www.justice.gov.uk/courts/procedure-rules/civil/rules/part35
/guidance/the-civil-procedure-rules/practice-direction-35,https://www.justice.gov.uk/courts/procedure-rules/civil/rules/part35/pd_part35
/guidance/the-civil-procedure-rules/part-36-offers-to-settle,https://www.justice.gov.uk/courts/procedure-rules/civil/rules/part36
/guidance/the-civil-procedure-rules/practice-direction-36-offers-to-settle,https://www.justice.gov.uk/courts/procedure-rules/civil/rules/part36/pd_part36a
/guidance/the-civil-procedure-rules/part-37-miscellaneous-provisions-about-payments-into-court,https://www.justice.gov.uk/courts/procedure-rules/civil/rules/part37
/guidance/the-civil-procedure-rules/practice-direction-37,https://www.justice.gov.uk/courts/procedure-rules/civil/rules/part37/pd_part37
/guidance/the-civil-procedure-rules/part-38-discontinuance,https://www.justice.gov.uk/courts/procedure-rules/civil/rules/part38
/guidance/the-civil-procedure-rules/part-39-miscellaneous-provisions-relating-to-hearings,https://www.justice.gov.uk/courts/procedure-rules/civil/rules/part39
/guidance/the-civil-procedure-rules/part-40-judgments-orders-sale-of-land-etc,https://www.justice.gov.uk/courts/procedure-rules/civil/rules/part40
/guidance/the-civil-procedure-rules/practice-direction-40a-accounts-inquiries,https://www.justice.gov.uk/courts/procedure-rules/civil/rules/part40/pd_part40a
/guidance/the-civil-procedure-rules/practice-direction-40b-judgments-orders,https://www.justice.gov.uk/courts/procedure-rules/civil/rules/part40/pd_part40b
/guidance/the-civil-procedure-rules/practice-direction-40d-1-court-s-powers-in-relation-to-land-2-conveyancing-counsel-of-the-court,https://www.justice.gov.uk/courts/procedure-rules/civil/rules/part40/pd_part40d
/guidance/the-civil-procedure-rules/practice-direction-40e-reserved-judgments,https://www.justice.gov.uk/courts/procedure-rules/civil/rules/part40/pd_part40e
/guidance/the-civil-procedure-rules/practice-direction-40f-non-disclosure-injunctions-information-collection-scheme,https://www.justice.gov.uk/courts/procedure-rules/civil/rules/part40/practice-direction-40f-non-disclosure-injunctions-information-collection-scheme
/guidance/the-civil-procedure-rules/part-41-damages,https://www.justice.gov.uk/courts/procedure-rules/civil/rules/part41
/guidance/the-civil-procedure-rules/practice-direction-41a-provisional-damages,https://www.justice.gov.uk/courts/procedure-rules/civil/rules/part41/pd_part41a
/guidance/the-civil-procedure-rules/practice-direction-41b-periodical-payments-under-the-damages-act-1996,https://www.justice.gov.uk/courts/procedure-rules/civil/rules/part41/pd_part41b
/guidance/the-civil-procedure-rules/part-42-change-of-solicitor,https://www.justice.gov.uk/courts/procedure-rules/civil/rules/part42
/guidance/the-civil-procedure-rules/practice-direction-42-change-of-solicitor,https://www.justice.gov.uk/courts/procedure-rules/civil/rules/part42/pd_part42
/guidance/the-civil-procedure-rules/part-43,https://www.justice.gov.uk/courts/procedure-rules/civil/rules
/guidance/the-civil-procedure-rules/part-44-general-rules-about-costs,https://www.justice.gov.uk/courts/procedure-rules/civil/rules/part-44-general-rules-about-costs
/guidance/the-civil-procedure-rules/practice-direction-44-general-rules-about-costs,https://www.justice.gov.uk/courts/procedure-rules/civil/rules/part-44-general-rules-about-costs/part-44-general-rules-about-costs2
/guidance/the-civil-procedure-rules/part-45-fixed-costs,https://www.justice.gov.uk/courts/procedure-rules/civil/rules/part45-fixed-costs
/guidance/the-civil-procedure-rules/practice-direction-45-fixed-costs,https://www.justice.gov.uk/courts/procedure-rules/civil/rules/part45-fixed-costs/practice-direction-45-fixed-costs
/guidance/the-civil-procedure-rules/part-46-costs-special-cases,https://www.justice.gov.uk/courts/procedure-rules/civil/rules/part-46-costs-special-cases
/guidance/the-civil-procedure-rules/practice-direction-46-costs-special-cases,https://www.justice.gov.uk/courts/procedure-rules/civil/rules/part-46-costs-special-cases/practice-direction-46-costs-special-cases
/guidance/the-civil-procedure-rules/part-47-procedure-for-assessment-of-costs-and-default-provisions,https://www.justice.gov.uk/courts/procedure-rules/civil/rules/part-47-procedure-for-detailed-assessment
/guidance/the-civil-procedure-rules/practice-direction-47-procedure-for-detailed-assessment-of-costs-and-default-provisions,https://www.justice.gov.uk/courts/procedure-rules/civil/rules/part-47-procedure-for-detailed-assessment/practice-direction-46-costs-special-cases2
/guidance/the-civil-procedure-rules/part-48-part-2-of-the-legal-aid-sentencing-and-punishment-of-offenders-act-2012-relating-to-civil-litigation-funding-and-costs-transitional-provision-in-relation-to-pre-commencement-funding,"https://www.justice.gov.uk/courts/procedure-rules/civil/rules/part-48-part-2of-the-legal-aid,-sentencing-and-punishment-of-offenders-act-2012-relating-to-civil-litigation-funding-and-costs-transitional-provision-in-relation-to-pre-commencement-funding-arrangements"
/guidance/the-civil-procedure-rules/practice-direction-48-part-2-of-the-legal-aid-sentencing-and-punishment-of-offenders-act-2012-relating-to-civil-litigation-funding-and-costs-transitional-provision-and-exceptions,"https://www.justice.gov.uk/courts/procedure-rules/civil/rules/part-48-part-2of-the-legal-aid,-sentencing-and-punishment-of-offenders-act-2012-relating-to-civil-litigation-funding-and-costs-transitional-provision-in-relation-to-pre-commencement-funding-arrangements/part-48-part-2of-the-legal-aid,-sentencing-and-punishment-of-offenders-act-2012-relating-to-civil-litigation-funding-and-costs-transitional-provision-in-relation-to-pre-commencement-funding-arrangements2"
/guidance/the-civil-procedure-rules/part-49-specialist-proceedings,https://www.justice.gov.uk/courts/procedure-rules/civil/rules/part49
/guidance/the-civil-procedure-rules/practice-direction-49a-applications-under-the-companies-acts-and-related-legislation,https://www.justice.gov.uk/courts/procedure-rules/civil/rules/part49/pd_part49a
/guidance/the-civil-procedure-rules/practice-direction-49b-order-under-section-127-of-the-insolvency-act-1986,https://www.justice.gov.uk/courts/procedure-rules/civil/rules/part49/pd_part49b
/guidance/the-civil-procedure-rules/part-50-application-of-the-schedules,https://www.justice.gov.uk/courts/procedure-rules/civil/rules/part50
/guidance/the-civil-procedure-rules/part-51-transitional-arrangements-and-pilot-schemes,https://www.justice.gov.uk/courts/procedure-rules/civil/rules/part51
/guidance/the-civil-procedure-rules/practice-direction-51a-transitional-arrangements,https://www.justice.gov.uk/courts/procedure-rules/civil/rules
/guidance/the-civil-procedure-rules/practice-direction-51m,https://www.justice.gov.uk/courts/procedure-rules/civil/rules
/guidance/the-civil-procedure-rules/practice-direction-51o-electronic-working-pilot-scheme,https://www.justice.gov.uk/courts/procedure-rules/civil/rules/part51/practice-direction-51o-the-electronic-working-pilot-scheme
/guidance/the-civil-procedure-rules/practice-direction-51p-pilot-for-insolvency-express-trials,https://www.justice.gov.uk/courts/procedure-rules/civil/rules/part51/practice-direction-51p-pilot-for-insolvency-express-trials
/guidance/the-civil-procedure-rules/practice-direction-51r-online-civil-money-claims-pilot,https://www.justice.gov.uk/courts/procedure-rules/civil/rules/practice-direction-51r-online-court-pilot
/guidance/the-civil-procedure-rules/practice-direction-51s-the-county-court-online-pilot,https://www.justice.gov.uk/courts/procedure-rules/civil/rules/practice-direction-51s-the-county-court-online-pilot
/guidance/the-civil-procedure-rules/practice-direction-51u-disclosure-pilot-for-the-business-and-property-courts,https://www.justice.gov.uk/courts/procedure-rules/civil/rules/practice-direction-51u-disclosure-pilot-for-the-business-and-property-courts
/guidance/the-civil-procedure-rules/practice-direction-51v-the-video-hearings-pilot-scheme,https://www.justice.gov.uk/courts/procedure-rules/civil/rules/part51/practice-direction-51v-the-video-hearings-pilot-scheme
/guidance/the-civil-procedure-rules/practice-direction-51w-the-capped-costs-list-pilot-scheme,https://www.justice.gov.uk/courts/procedure-rules/civil/rules/practice-direction-51w-the-capped-costs-list-pilot-scheme
/guidance/the-civil-procedure-rules/practice-direction-51x-new-statement-of-costs-for-summary-assessment-pilot,https://www.justice.gov.uk/courts/procedure-rules/civil/rules/part51/practice-direction-51x-new-statement-of-costs-for-summary-assessment-pilot
/guidance/the-civil-procedure-rules/practice-direction-51y-video-or-audio-hearings-during-coronavirus-pandemic,https://www.justice.gov.uk/courts/procedure-rules/civil/rules/part51/practice-direction-51y-video-or-audio-hearings-during-coronavirus-pandemic
/guidance/the-civil-procedure-rules/practice-direction-51z-stay-of-possession-proceedings-coronavirus,"https://www.justice.gov.uk/courts/procedure-rules/civil/rules/part51/practice-direction-51z-stay-of-possession-proceedings,-coronavirus"
/guidance/the-civil-procedure-rules/practice-direction-51za-extension-of-time-limits-and-clarification-of-practice-direction-51y-coronavirus,https://www.justice.gov.uk/courts/procedure-rules/civil/rules/practice-direction-51za-extension-of-time-limits-and-clarification-of-practice-direction-51y-coronavirus
/guidance/the-civil-procedure-rules/part-52-appeals,https://www.justice.gov.uk/courts/procedure-rules/civil/rules/part52
/guidance/the-civil-procedure-rules/practice-direction-52a-appeals-general-provisions,https://www.justice.gov.uk/courts/procedure-rules/civil/rules/part52/pd_part52
/guidance/the-civil-procedure-rules/practice-direction-52b-appeals-in-the-county-courts-and-the-high-court,https://www.justice.gov.uk/courts/procedure-rules/civil/rules/part52/practice-direction-52b-appeals-in-the-county-courts-and-high-court
/guidance/the-civil-procedure-rules/practice-direction-52c-appeals-to-the-court-of-appeal,https://www.justice.gov.uk/courts/procedure-rules/civil/rules/part52/practice-direction-52c-appeals-to-the-court-of-appeal
/guidance/the-civil-procedure-rules/practice-direction-52d-statutory-appeals-and-appeals-subject-to-special-provision,https://www.justice.gov.uk/courts/procedure-rules/civil/rules/part52/practice-direction-52d-statutory-appeals-and-appeals-subject-to-special-provision
/guidance/the-civil-procedure-rules/practice-direction-52e-appeals-by-way-of-case-stated,https://www.justice.gov.uk/courts/procedure-rules/civil/rules/part52/practice-direction-52e-appeals-by-way-of-case-stated
/guidance/the-civil-procedure-rules/part-53-media-and-communications-claims,https://www.justice.gov.uk/courts/procedure-rules/civil/rules/part53
/guidance/the-civil-procedure-rules/practice-direction-53a-transferring-proceedings-to-and-from-the-media-and-communications-list,https://www.justice.gov.uk/courts/procedure-rules/civil/rules/part53/pd_part53
/guidance/the-civil-procedure-rules/practice-direction-53b-media-and-communications-claims,https://www.justice.gov.uk/courts/procedure-rules/civil/rules/part53/practice-direction-53b-media-and-communications-claims
/guidance/the-civil-procedure-rules/part-54-judicial-review-and-statutory-review,https://www.justice.gov.uk/courts/procedure-rules/civil/rules/part54
/guidance/the-civil-procedure-rules/practice-direction-54a-judicial-review,https://www.justice.gov.uk/courts/procedure-rules/civil/rules/part54/pd_part54a
/guidance/the-civil-procedure-rules/practice-direction-54c-references-by-the-legal-services-commission,https://www.justice.gov.uk/courts/procedure-rules/civil/rules/part54/pd_part54c
/guidance/the-civil-procedure-rules/practice-direction-54d-administrative-court-venue,https://www.justice.gov.uk/courts/procedure-rules/civil/rules/part54/pd_part54d
/guidance/the-civil-procedure-rules/practice-direction-54e-planning-court-claims,https://www.justice.gov.uk/courts/procedure-rules/civil/rules/part54/practice-direction-54e-planning-court-claims
/guidance/the-civil-procedure-rules/part-55-possession-claims,https://www.justice.gov.uk/courts/procedure-rules/civil/rules/part55
/guidance/the-civil-procedure-rules/practice-direction-55a-possession-claims,https://www.justice.gov.uk/courts/procedure-rules/civil/rules/part55/pd_part55a
/guidance/the-civil-procedure-rules/practice-direction-55b-possession-claims-online,https://www.justice.gov.uk/courts/procedure-rules/civil/rules/part55/pd_part55b
/guidance/the-civil-procedure-rules/practice-direction-55c-coronavirus-temporary-provision-in-relation-to-possession-proceedings,https://www.justice.gov.uk/courts/procedure-rules/civil/rules/practice-direction-55c-coronavirus-temporary-provision-in-relation-to-possession-proceedings
/guidance/the-civil-procedure-rules/part-56-landlord-and-tenant-claims-and-miscellaneous-provisions-about-land,https://www.justice.gov.uk/courts/procedure-rules/civil/rules/part56
/guidance/the-civil-procedure-rules/practice-direction-56,https://www.justice.gov.uk/courts/procedure-rules/civil/rules/part56/pd_part56
/guidance/the-civil-procedure-rules/part-57-probate-inheritance-presumption-of-death-and-guardianship-of-missing-persons,https://www.justice.gov.uk/courts/procedure-rules/civil/rules/part57
/guidance/the-civil-procedure-rules/practice-direction-57,https://www.justice.gov.uk/courts/procedure-rules/civil/rules/part57/pd_part57
/guidance/the-civil-procedure-rules/practice-direction-57b-proceedings-under-the-presumption-of-death-act-2013,https://www.justice.gov.uk/courts/procedure-rules/civil/rules/part57/practice-direction-57b-proceedings-under-the-presumption-of-death-act-2013
/guidance/the-civil-procedure-rules/practice-direction-57c-proceedings-under-the-guardianship-missing-persons-act-2017,https://www.justice.gov.uk/courts/procedure-rules/civil/rules/practice-direction-57c-proceedings-under-the-guardianship-missing-persons-act-2017
/guidance/the-civil-procedure-rules/part-57a-business-and-property-courts,https://www.justice.gov.uk/courts/procedure-rules/civil/rules/part-57a-business-and-property-courts
/guidance/the-civil-procedure-rules/practice-direction-57aa-business-and-property-courts,https://www.justice.gov.uk/courts/procedure-rules/civil/rules/practice-direction-business-and-property-courts?SQ_VARIATION_173168=0
/guidance/the-civil-procedure-rules/practice-direction-57ab-shorter-and-flexible-trials-schemes,https://www.justice.gov.uk/courts/procedure-rules/civil/rules/practice-direction-57ab-shorter-and-flexible-trials-schemes
/guidance/the-civil-procedure-rules/practice-direction-57ac-trial-witness-statements-in-the-business-and-property-courts,https://www.justice.gov.uk/courts/procedure-rules/civil/rules/part-57a-business-and-property-courts/practice-direction-57ac-trial-witness-statements-in-the-business-and-property-courts
/guidance/the-civil-procedure-rules/part-58-commercial-court,https://www.justice.gov.uk/courts/procedure-rules/civil/rules/part58
/guidance/the-civil-procedure-rules/practice-direction-58,https://www.justice.gov.uk/courts/procedure-rules/civil/rules/part58/pd_part58
/guidance/the-civil-procedure-rules/part-59-circuit-commercial-court,https://www.justice.gov.uk/courts/procedure-rules/civil/rules/part59
/guidance/the-civil-procedure-rules/practice-direction-59,https://www.justice.gov.uk/courts/procedure-rules/civil/rules/part59
/guidance/the-civil-procedure-rules/part-60-technology-and-construction-court-claims,https://www.justice.gov.uk/courts/procedure-rules/civil/rules/part60
/guidance/the-civil-procedure-rules/practice-direction-60,https://www.justice.gov.uk/courts/procedure-rules/civil/rules/part60/pd_part60
/guidance/the-civil-procedure-rules/part-61-admiralty-claims,https://www.justice.gov.uk/courts/procedure-rules/civil/rules/part61
/guidance/the-civil-procedure-rules/practice-direction-61-admiralty-claims,https://www.justice.gov.uk/courts/procedure-rules/civil/rules/part61/pd_part61
/guidance/the-civil-procedure-rules/part-62-arbitration-claims,https://www.justice.gov.uk/courts/procedure-rules/civil/rules/part62
/guidance/the-civil-procedure-rules/practice-direction-62-arbitration-claims,https://www.justice.gov.uk/courts/procedure-rules/civil/rules/part62/pd_part62
/guidance/the-civil-procedure-rules/part-63-intellectual-property-claims,https://www.justice.gov.uk/courts/procedure-rules/civil/rules/part63
/guidance/the-civil-procedure-rules/practice-direction-63-intellectual-property-claims,https://www.justice.gov.uk/courts/procedure-rules/civil/rules/part63/pd_part63
/guidance/the-civil-procedure-rules/part-63a-financial-list,https://www.justice.gov.uk/courts/procedure-rules/civil/rules/financial-list
/guidance/the-civil-procedure-rules/practice-direction-63aa-financial-list,https://www.justice.gov.uk/courts/procedure-rules/civil/rules/financial-list/practice-direction-63aa-financial-list
/guidance/the-civil-procedure-rules/part-64-estates-trusts-and-charities,https://www.justice.gov.uk/courts/procedure-rules/civil/rules/part64
/guidance/the-civil-procedure-rules/practice-direction-64a-estates-trusts-and-charities,https://www.justice.gov.uk/courts/procedure-rules/civil/rules/part64/pd_part64a
/guidance/the-civil-procedure-rules/practice-direction-64b-applications-to-the-court-for-directions-by-trustees-in-relation-to-the-administration-of-the-trusts,https://www.justice.gov.uk/courts/procedure-rules/civil/rules/part64/pd_part64b
/guidance/the-civil-procedure-rules/part-65-proceedings-relating-to-anti-social-behaviour-and-harassment,https://www.justice.gov.uk/courts/procedure-rules/civil/rules/part65
/guidance/the-civil-procedure-rules/practice-direction-65-anti-social-behaviour-and-harassment,https://www.justice.gov.uk/courts/procedure-rules/civil/rules/part65/pd_part65
/guidance/the-civil-procedure-rules/part-66-crown-proceedings,https://www.justice.gov.uk/courts/procedure-rules/civil/rules/part66
/guidance/the-civil-procedure-rules/practice-direction-66-crown-proceedings,https://www.justice.gov.uk/courts/procedure-rules/civil/rules/part66/pd_part66
/guidance/the-civil-procedure-rules/part-67-proceedings-relating-to-solicitors,https://www.justice.gov.uk/courts/procedure-rules/civil/rules/part67
/guidance/the-civil-procedure-rules/practice-direction-67-proceedings-relating-to-solicitors,https://www.justice.gov.uk/courts/procedure-rules/civil/rules/part67/pd_part67
/guidance/the-civil-procedure-rules/part-68-references-to-the-european-court,https://www.justice.gov.uk/courts/procedure-rules/civil/rules
/guidance/the-civil-procedure-rules/practice-direction-68-references-to-the-european-court,https://www.justice.gov.uk/courts/procedure-rules/civil/rules
/guidance/the-civil-procedure-rules/part-69-court-s-power-to-appoint-a-receiver,https://www.justice.gov.uk/courts/procedure-rules/civil/rules/part69
/guidance/the-civil-procedure-rules/practice-direction-69-court-s-power-to-appoint-receiver,https://www.justice.gov.uk/courts/procedure-rules/civil/rules/part69/pd_part69
/guidance/the-civil-procedure-rules/part-70-general-rules-about-enforcement-of-judgments-and-orders,https://www.justice.gov.uk/courts/procedure-rules/civil/rules/part70
/guidance/the-civil-procedure-rules/practice-direction-70-enforcement-of-judgements-and-orders,https://www.justice.gov.uk/courts/procedure-rules/civil/rules/part70/pd_part70
/guidance/the-civil-procedure-rules/practice-direction-70b-debt-respite-scheme-under-the-financial-guidance-and-claims-act-2018,https://www.justice.gov.uk/courts/procedure-rules/civil/rules/part70/practice-direction-70b-debt-respite-scheme-under-the-financial-guidance-and-claims-act-2018
/guidance/the-civil-procedure-rules/part-71-orders-to-obtain-information-from-judgment-debtors,https://www.justice.gov.uk/courts/procedure-rules/civil/rules/part71
/guidance/the-civil-procedure-rules/practice-direction-71-orders-to-obtain-information-from-judgement-debtors,https://www.justice.gov.uk/courts/procedure-rules/civil/rules/part71/pd_part71
/guidance/the-civil-procedure-rules/part-72-third-party-debt-orders,https://www.justice.gov.uk/courts/procedure-rules/civil/rules/part72
/guidance/the-civil-procedure-rules/practice-direction-72-third-party-debt-orders,https://www.justice.gov.uk/courts/procedure-rules/civil/rules/part72/pd_part72
/guidance/the-civil-procedure-rules/part-73-charging-orders-stop-orders-and-stop-notices,https://www.justice.gov.uk/courts/procedure-rules/civil/rules/part73
/guidance/the-civil-procedure-rules/practice-direction-73-charging-orders-stop-orders-and-stop-notices,https://www.justice.gov.uk/courts/procedure-rules/civil/rules/part73/pd_part73
/guidance/the-civil-procedure-rules/part-74-enforcement-of-judgments-in-different-jurisdictions,https://www.justice.gov.uk/courts/procedure-rules/civil/rules/part74
/guidance/the-civil-procedure-rules/practice-direction-74a-enforcement-of-judgments-in-different-jurisdictions,https://www.justice.gov.uk/courts/procedure-rules/civil/rules/part74/pd_part74a
/guidance/the-civil-procedure-rules/practice-direction-74b-european-enforcement-orders,https://www.justice.gov.uk/courts/procedure-rules/civil/rules/part74/pd_part74b
/guidance/the-civil-procedure-rules/part-75-traffic-enforcement,https://www.justice.gov.uk/courts/procedure-rules/civil/rules/part75
/guidance/the-civil-procedure-rules/practice-direction-75-traffic-enforcement,https://www.justice.gov.uk/courts/procedure-rules/civil/rules/part75/pd_part75
/guidance/the-civil-procedure-rules/part-76-proceedings-under-the-prevention-of-terrorism-act-2005,https://www.justice.gov.uk/courts/procedure-rules/civil/rules/part76
/guidance/the-civil-procedure-rules/part-77-provision-in-support-of-criminal-justice,https://www.justice.gov.uk/courts/procedure-rules/civil/rules/part77
/guidance/the-civil-procedure-rules/practice-direction-77-applications-for-and-relating-to-serious-crime-prevention-orders,https://www.justice.gov.uk/courts/procedure-rules/civil/rules/part77/pd_part77
/guidance/the-civil-procedure-rules/part-78-european-procedures,https://www.justice.gov.uk/courts/procedure-rules/civil/rules
/guidance/the-civil-procedure-rules/practice-direction-78-european-procedures,https://www.justice.gov.uk/courts/procedure-rules/civil/rules
/guidance/the-civil-procedure-rules/part-79-proceedings-under-the-counter-terrorism-act-2008-and-part-1-of-the-terrorist-asset-freezing-act-etc-act-2010,https://www.justice.gov.uk/courts/procedure-rules/civil/rules/part79
/guidance/the-civil-procedure-rules/part-80-proceedings-under-the-terrorism-prevention-and-investigation-measures-act-2011,https://www.justice.gov.uk/courts/procedure-rules/civil/rules/part80
/guidance/the-civil-procedure-rules/part-81-applications-and-proceedings-in-relation-to-contempt-of-court,https://www.justice.gov.uk/courts/procedure-rules/civil/rules/part-81-applications-and-proceedings-in-relation-to-contempt-of-court
/guidance/the-civil-procedure-rules/practice-direction-81,https://www.justice.gov.uk/courts/procedure-rules/civil/rules
/guidance/the-civil-procedure-rules/part-82-closed-material-procedure,https://www.justice.gov.uk/courts/procedure-rules/civil/rules/part-82-closed-material-procedure
/guidance/the-civil-procedure-rules/part-83-writs-and-warrants-general-provisions,https://www.justice.gov.uk/courts/procedure-rules/civil/rules/part-83-writs-and-warrants-general-provisions
/guidance/the-civil-procedure-rules/practice-direction-83-writs-and-warrants-general-provisions,https://www.justice.gov.uk/courts/procedure-rules/civil/rules/part-83-writs-and-warrants-general-provisions/37-practice-direction-83-writs-and-warrants-general-provisions
/guidance/the-civil-procedure-rules/part-84-enforcement-by-taking-control-of-goods,https://www.justice.gov.uk/courts/procedure-rules/civil/rules/part-84enforcement-by-taking-control-of-goods
/guidance/the-civil-procedure-rules/practice-direction-84-enforcement-by-taking-control-of-goods,https://www.justice.gov.uk/courts/procedure-rules/civil/rules/part-84enforcement-by-taking-control-of-goods/practice-direction-84-enforcement-by-taking-control-of-goods
/guidance/the-civil-procedure-rules/part-85-claims-on-controlled-goods-and-executed-goods,https://www.justice.gov.uk/courts/procedure-rules/civil/rules/part-85-claims-on-controlled-goods-and-executed-goods
/guidance/the-civil-procedure-rules/part-86-stakeholder-claims-and-applications,https://www.justice.gov.uk/courts/procedure-rules/civil/rules/part-86-stakeholder-claims-and-applications
/guidance/the-civil-procedure-rules/part-87-applications-for-writ-of-habeas-corpus,https://www.justice.gov.uk/courts/procedure-rules/civil/rules/part-87-applications-for-writ-of-habeas-corpus
/guidance/the-civil-procedure-rules/part-88-proceedings-under-the-counter-terrorism-and-security-act-2015,https://www.justice.gov.uk/courts/procedure-rules/civil/rules/part-88-proceedings-under-the-counter-terrorism-and-security-act-2015
/guidance/the-civil-procedure-rules/part-89-attachment-of-earnings,https://www.justice.gov.uk/courts/procedure-rules/civil/rules/art-89-attachment-of-earnings
/guidance/the-civil-procedure-rules/practice-direction-pre-action-conduct-and-protocols,https://www.justice.gov.uk/courts/procedure-rules/civil/rules/pd_pre-action_conduct
/guidance/the-civil-procedure-rules/eu-competition-law-practice-direction-claims-relating-to-the-application-of-articles-81-and-82-of-the-ec-treaty-and-chapters-i-and-ii-of-part-i-of-the-competition-act-1998,https://www.justice.gov.uk/courts/procedure-rules/civil/rules/competitionlaw_pd
/guidance/the-civil-procedure-rules/insolvency-proceedings,https://www.justice.gov.uk/courts/procedure-rules/civil/rules/insolvency_pd
/guidance/the-civil-procedure-rules/temporary-insolvency-practice-direction-supporting-the-insolvency-practice-direction,https://www.justice.gov.uk/courts/procedure-rules/civil/rules/temporary-insolvency-practice-direction-supporting-the-insolvency-practice-direction
/guidance/the-civil-procedure-rules/directors-disqualification-proceedings,https://www.justice.gov.uk/courts/procedure-rules/civil/rules/disqualification_proceedings
/guidance/the-civil-procedure-rules/practice-direction-relating-to-the-use-of-of-the-welsh-language-in-cases-in-the-civil-courts-in-or-having-a-connection-with-wales-english-and-welsh,https://www.justice.gov.uk/courts/procedure-rules/civil/rules/welshpd
/guidance/the-civil-procedure-rules/devolution-issues-and-crown-office-applications-in-wales-english,https://www.justice.gov.uk/courts/procedure-rules/civil/rules/devolution_issues
/guidance/the-civil-procedure-rules/devolution-issues-and-crown-office-applications-in-wales-welsh,https://www.justice.gov.uk/courts/procedure-rules/civil/rules/devolution_issues_welsh
/guidance/the-civil-procedure-rules/application-for-a-warrant-under-the-competition-act-1998,https://www.justice.gov.uk/courts/procedure-rules/civil/rules/appforwarrant
/guidance/the-civil-procedure-rules/practice-direction-civil-recovery-proceedings,https://www.justice.gov.uk/courts/procedure-rules/civil/rules/civilrecovery_pd
/guidance/the-civil-procedure-rules/practice-direction-application-for-a-warrant-under-the-enterprise-act-2002,https://www.justice.gov.uk/courts/procedure-rules/civil/rules/appforwarrant_comp_act2002
/guidance/the-civil-procedure-rules/practice-direction-proceedings-under-enactments-relating-to-equality,https://www.justice.gov.uk/courts/procedure-rules/civil/rules/proceedings_under_enactments_equality
/guidance/the-civil-procedure-rules/practice-direction-county-court-closures,https://www.justice.gov.uk/courts/procedure-rules/civil/rules/county_court_closures
/guidance/the-civil-procedure-rules/practice-direction-solicitors-negligence-in-right-to-buy-cases-transfer-of-existing-and-new-claims-to-the-chancery-division-and-appointment-of-designated-judge,https://www.justice.gov.uk/courts/procedure-rules/civil/rules/practice-direction-solicitors-negligence-in-right-to-buy-cases
/guidance/the-family-procedure-rules,https://www.justice.gov.uk/courts/procedure-rules/family/rules_pd_menu
/guidance/the-family-procedure-rules/practice-direction-practice-directions-relating-to-family-proceedings-in-force-before-6-april-2011-which-support-the-family-procedure-rules-2010,https://www.justice.gov.uk/courts/procedure-rules/family/frontmatter/fpr_notes-to-pds
/guidance/the-family-procedure-rules/part-1-overriding-objective,https://www.justice.gov.uk/courts/procedure-rules/family/parts/part_01
/guidance/the-family-procedure-rules/part-2-application-and-interpretation-of-the-rules,https://www.justice.gov.uk/courts/procedure-rules/family/parts/part_02
/guidance/the-family-procedure-rules/practice-direction-2a-functions-of-the-court-in-the-family-procedure-rules-2010-and-practice-directions-which-may-be-performed-by-a-single-justice-of-the-peace,https://www.justice.gov.uk/courts/procedure-rules/family/practice_directions/pd_part_02a
/guidance/the-family-procedure-rules/practice-direction-2b-references-in-the-rules-to-actions-done-by-the-court-or-by-a-court-officer,https://www.justice.gov.uk/courts/procedure-rules/family/practice_directions/practice-direction-2b-references-in-the-rules-to-actions-done-by-the-court-or-by-a-court-officer
/guidance/the-family-procedure-rules/practice-direction-2c-justices-legal-adviser,https://www.justice.gov.uk/courts/procedure-rules/family/practice_directions/practice-direction-2c-justices-legal-adviser
/guidance/the-family-procedure-rules/part-3-non-court-dispute-resolution,https://www.justice.gov.uk/courts/procedure-rules/family/parts/part_03
/guidance/the-family-procedure-rules/part-3a-vulnerable-persons-participation-in-proceedings-and-giving-evidence,https://www.justice.gov.uk/courts/procedure-rules/family/parts/part-3a-vulnerable-persons-participation-in-proceedings-and-giving-evidence
/guidance/the-family-procedure-rules/practice-direction-3a-family-mediation-information-and-assessment-meetings-miams,https://www.justice.gov.uk/courts/procedure-rules/family/parts/part-3a-vulnerable-persons-participation-in-proceedings-and-giving-evidence
/guidance/the-family-procedure-rules/practice-direction-3aa-vulnerable-persons-participation-in-proceedings-and-giving-evidence,https://www.justice.gov.uk/courts/procedure-rules/family/practice_directions/practice-direction-3aa-vulnerable-persons-participation-in-proceedings-and-giving-evidence
/guidance/the-family-procedure-rules/part-4-general-case-management-powers,https://www.justice.gov.uk/courts/procedure-rules/family/parts/part_04
/guidance/the-family-procedure-rules/practice-direction-4a-striking-out-a-statement-of-case,https://www.justice.gov.uk/courts/procedure-rules/family/practice_directions/pd_part_04a
/guidance/the-family-procedure-rules/practice-direction-4b-civil-restraint-orders,https://www.justice.gov.uk/courts/procedure-rules/family/practice_directions/pd_part_04b
/guidance/the-family-procedure-rules/part-5-forms-start-of-proceedings-and-communication-with-the-court,https://www.justice.gov.uk/courts/procedure-rules/family/parts/part_05
/guidance/the-family-procedure-rules/practice-direction-5a-forms,https://www.justice.gov.uk/courts/procedure-rules/family/practice_directions/pd_part_05a
/guidance/the-family-procedure-rules/practice-direction-5b-communication-and-filing-of-documents-by-e-mail,https://www.justice.gov.uk/courts/procedure-rules/family/practice_directions/practice-direction-5b-communication-and-filing-of-documents-by-e-mail
/guidance/the-family-procedure-rules/practice-direction-5c-communications-with-the-court,https://www.justice.gov.uk/courts/procedure-rules/family/practice_directions/practice-direction-5c-communications-with-the-court
/guidance/the-family-procedure-rules/part-6-service,https://www.justice.gov.uk/courts/procedure-rules/family/parts/part_06
/guidance/the-family-procedure-rules/practice-direction-6a-service-within-the-jurisdiction,https://www.justice.gov.uk/courts/procedure-rules/family/practice_directions/pd_part_06a
/guidance/the-family-procedure-rules/practice-direction-6b-service-out-of-the-jurisdiction,https://www.justice.gov.uk/courts/procedure-rules/family/practice_directions/pd_part_06b
/guidance/the-family-procedure-rules/practice-direction-6c-disclosure-of-addresses-by-government-departments,https://www.justice.gov.uk/courts/procedure-rules/family/practice_directions/pd_part_06c
/guidance/the-family-procedure-rules/part-7-procedure-for-applications-in-matrimonial-and-civil-partnership-proceedings,https://www.justice.gov.uk/courts/procedure-rules/family/parts/part_07
/guidance/the-family-procedure-rules/practice-direction-7a-procedure-for-applications-in-matrimonial-and-civil-partnership-proceedings,https://www.justice.gov.uk/courts/procedure-rules/family/practice_directions/pd_part_07a
/guidance/the-family-procedure-rules/practice-direction-7b-medical-examinations-on-applications-for-annulment-of-a-marriage,https://www.justice.gov.uk/courts/procedure-rules/family/practice_directions/pd_part_07b
/guidance/the-family-procedure-rules/practice-direction-7c-polygamous-marriages,https://www.justice.gov.uk/courts/procedure-rules/family/practice_directions/pd_part_07c
/guidance/the-family-procedure-rules/practice-direction-7d-the-gender-recognition-act-2004,https://www.justice.gov.uk/courts/procedure-rules/family/practice_directions/pd_part_07d
/guidance/the-family-procedure-rules/part-8-procedure-for-miscellaneous-applications,https://www.justice.gov.uk/courts/procedure-rules/family/parts/part_08
/guidance/the-family-procedure-rules/practice-direction-8a-where-to-start-certain-proceedings,https://www.justice.gov.uk/courts/procedure-rules/family/practice_directions/practice-direction-8a-where-to-start-certain-proceedings
/guidance/the-family-procedure-rules/part-9-applications-for-a-financial-remedy,https://www.justice.gov.uk/courts/procedure-rules/family/parts/part_09
/guidance/the-family-procedure-rules/practice-direction-9a-application-for-a-financial-remedy,https://www.justice.gov.uk/courts/procedure-rules/family/practice_directions/pd_part_09a
/guidance/the-family-procedure-rules/practice-direction-9b-communication-of-information-from-financial-remedy-proceedings,https://www.justice.gov.uk/courts/procedure-rules/family/practice_directions/practice-direction-9b-communication-of-information-from-financial-remedy-proceedings
/guidance/the-family-procedure-rules/part-10-applications-under-part-4-of-the-family-law-act-1996,https://www.justice.gov.uk/courts/procedure-rules/family/parts/part_10
/guidance/the-family-procedure-rules/practice-direction-10a-part-4-of-the-family-law-act-1996,https://www.justice.gov.uk/courts/procedure-rules/family/practice_directions/pd_part_10a
/guidance/the-family-procedure-rules/part-11-applications-under-part-4a-of-the-family-law-act-1996,https://www.justice.gov.uk/courts/procedure-rules/family/parts/part_11
/guidance/the-family-procedure-rules/part-12-proceedings-relating-to-children-except-parental-order-proceedings-and-proceedings-for-applications-in-adoption-placement-and-related-proceedings,https://www.justice.gov.uk/courts/procedure-rules/family/parts/part_12
/guidance/the-family-procedure-rules/practice-direction-12a-care-supervision-and-other-part-4-proceedings-guide-to-case-management,https://www.justice.gov.uk/courts/procedure-rules/family/practice_directions/pd_part_12a
/guidance/the-family-procedure-rules/practice-direction-12b-child-arrangements-programme,https://www.justice.gov.uk/courts/procedure-rules/family/practice_directions/pd_part_12b
/guidance/the-family-procedure-rules/practice-direction-12c-service-of-application-in-certain-proceedings-relating-to-children,https://www.justice.gov.uk/courts/procedure-rules/family/practice_directions/pd_part_12c
/guidance/the-family-procedure-rules/practice-direction-12d-inherent-jurisdiction-including-wardship-proceedings,https://www.justice.gov.uk/courts/procedure-rules/family/practice_directions/pd_part_12d
/guidance/the-family-procedure-rules/practice-direction-12e-urgent-business,https://www.justice.gov.uk/courts/procedure-rules/family/practice_directions/pd_part_12e
/guidance/the-family-procedure-rules/practice-direction-12f-international-child-abduction,https://www.justice.gov.uk/courts/procedure-rules/family/practice_directions/pd_part_12f
/guidance/the-family-procedure-rules/practice-direction-12g-communication-of-information,https://www.justice.gov.uk/courts/procedure-rules/family/practice_directions/pd_part_12g
/guidance/the-family-procedure-rules/practice-direction-12h-contribution-orders,https://www.justice.gov.uk/courts/procedure-rules/family/practice_directions/pd_part_12h
/guidance/the-family-procedure-rules/practice-direction-12i-applications-for-reporting-restriction-orders,https://www.justice.gov.uk/courts/procedure-rules/family/practice_directions/pd_part_12i
/guidance/the-family-procedure-rules/practice-direction-12j-child-arrangements-and-contact-order-domestic-violence-and-harm,https://www.justice.gov.uk/courts/procedure-rules/family/practice_directions/pd_part_12j
/guidance/the-family-procedure-rules/practice-direction-12k-children-act-1989-exclusion-requirement,https://www.justice.gov.uk/courts/procedure-rules/family/practice_directions/pd_part_12k
/guidance/the-family-procedure-rules/practice-direction-12l-children-act-1989-risk-assessments-under-section-16a,https://www.justice.gov.uk/courts/procedure-rules/family/practice_directions/pd_part_12l
/guidance/the-family-procedure-rules/practice-direction-12m-family-assistance-orders-consultation,https://www.justice.gov.uk/courts/procedure-rules/family/practice_directions/pd_part_12m
/guidance/the-family-procedure-rules/practice-direction-12n-enforcement-of-children-act-1989-child-arrangements-orders-disclosure-and-information-to-officers-of-the-national-probation-service,https://www.justice.gov.uk/courts/procedure-rules/family/practice_directions/pd_part_12n
/guidance/the-family-procedure-rules/practice-direction-12o-child-arrival-by-air,https://www.justice.gov.uk/courts/procedure-rules/family/practice_directions/pd_part_12o
/guidance/the-family-procedure-rules/practice-direction-12p-removal-from-jurisdiction-issue-of-passports,https://www.justice.gov.uk/courts/procedure-rules/family/practice_directions/pd_part_12p
/guidance/the-family-procedure-rules/part-13-proceedings-under-section-54-of-the-human-fertilisation-and-embryology-act-2008,https://www.justice.gov.uk/courts/procedure-rules/family/parts/part_13
/guidance/the-family-procedure-rules/part-14-procedure-for-applications-in-adoption-placement-and-related-proceedings,https://www.justice.gov.uk/courts/procedure-rules/family/parts/part_14
/guidance/the-family-procedure-rules/practice-direction-14a-who-receives-a-copy-of-the-application-form-for-orders-in-proceedings,https://www.justice.gov.uk/courts/procedure-rules/family/practice_directions/pd_part_14a
/guidance/the-family-procedure-rules/practice-direction-14b-the-first-directions-hearing-adoptions-with-a-foreign-element,https://www.justice.gov.uk/courts/procedure-rules/family/practice_directions/pd_part_14b
/guidance/the-family-procedure-rules/practice-direction-14c-reports-by-the-adoption-agency-or-local-authority,https://www.justice.gov.uk/courts/procedure-rules/family/practice_directions/pd_part_14c
/guidance/the-family-procedure-rules/practice-direction-14d-reports-by-a-registered-medical-practitioner-health-reports,https://www.justice.gov.uk/courts/procedure-rules/family/practice_directions/pd_part_14d
/guidance/the-family-procedure-rules/practice-direction-14e-communication-of-information-relating-to-proceedings,https://www.justice.gov.uk/courts/procedure-rules/family/practice_directions/pd_part_14e
/guidance/the-family-procedure-rules/practice-direction-14f-disclosing-information-to-an-adopted-adult,https://www.justice.gov.uk/courts/procedure-rules/family/practice_directions/pd_part_14f
/guidance/the-family-procedure-rules/part-15-representation-of-protected-parties,https://www.justice.gov.uk/courts/procedure-rules/family/parts/part_15
/guidance/the-family-procedure-rules/practice-direction-15a-protected-parties,https://www.justice.gov.uk/courts/procedure-rules/family/practice_directions/pd_part_15a
/guidance/the-family-procedure-rules/practice-direction-15b-adults-who-may-be-protected-parties-and-children-who-may-become-protected-parties-in-family-proceedings,https://www.justice.gov.uk/courts/procedure-rules/family/practice_directions/practice-direction-15b-adults-who-may-be-protected-parties-and-children-who-may-become-protected-parties-in-family-proceedings
/guidance/the-family-procedure-rules/part-16-representation-of-children-and-reports-in-proceedings-involving-children,https://www.justice.gov.uk/courts/procedure-rules/family/parts/part_16
/guidance/the-family-procedure-rules/practice-direction-16a-representation-of-children,https://www.justice.gov.uk/courts/procedure-rules/family/practice_directions/pd_part_16a
/guidance/the-family-procedure-rules/part-17-statements-of-truth,https://www.justice.gov.uk/courts/procedure-rules/family/parts/part_17
/guidance/the-family-procedure-rules/practice-direction-17a-statements-of-truth,https://www.justice.gov.uk/courts/procedure-rules/family/practice_directions/pd_part_17a
/guidance/the-family-procedure-rules/part-18-procedure-for-other-applications-in-proceedings,https://www.justice.gov.uk/courts/procedure-rules/family/parts/part_18
/guidance/the-family-procedure-rules/practice-direction-18a-other-applications-in-proceedings,https://www.justice.gov.uk/courts/procedure-rules/family/practice_directions/pd_part_18a
/guidance/the-family-procedure-rules/part-19-alternative-procedure-for-applications,https://www.justice.gov.uk/courts/procedure-rules/family/parts/part_19
/guidance/the-family-procedure-rules/practice-direction-19a-alternative-procedure-for-applications,https://www.justice.gov.uk/courts/procedure-rules/family/practice_directions/pd_part_19a
/guidance/the-family-procedure-rules/part-20-interim-remedies-and-security-for-costs,https://www.justice.gov.uk/courts/procedure-rules/family/parts/part_20
/guidance/the-family-procedure-rules/practice-direction-20a-interim-remedies,https://www.justice.gov.uk/courts/procedure-rules/family/practice_directions/pd_part_20a
/guidance/the-family-procedure-rules/part-21-miscellaneous-rules-about-disclosure-and-inspection-of-documents,https://www.justice.gov.uk/courts/procedure-rules/family/parts/part_21
/guidance/the-family-procedure-rules/practice-direction-21a-disclosure-and-inspection,https://www.justice.gov.uk/courts/procedure-rules/family/practice_directions/pd_part_21a
/guidance/the-family-procedure-rules/part-22-evidence,https://www.justice.gov.uk/courts/procedure-rules/family/parts/part_22
/guidance/the-family-procedure-rules/practice-direction-22a-written-evidence,https://www.justice.gov.uk/courts/procedure-rules/family/practice_directions/pd_part_22a
/guidance/the-family-procedure-rules/part-23-miscellaneous-rules-about-evidence,https://www.justice.gov.uk/courts/procedure-rules/family/parts/part_23
/guidance/the-family-procedure-rules/part-24-witnesses-depositions-generally-and-taking-of-evidence-in-member-states-of-the-european-union,https://www.justice.gov.uk/courts/procedure-rules/family/parts/part_24
/guidance/the-family-procedure-rules/practice-direction-24a-witnesses-and-depositions-generally,https://www.justice.gov.uk/courts/procedure-rules/family/practice_directions/pd_part_24a
/guidance/the-family-procedure-rules/part-25-experts-and-assessors,https://www.justice.gov.uk/courts/procedure-rules/family/parts/part_25
/guidance/the-family-procedure-rules/practice-direction-25a-experts-and-assessors-in-family-proceedings,https://www.justice.gov.uk/courts/procedure-rules/family/practice_directions/pd_part_25a
/guidance/the-family-procedure-rules/practice-direction-25b-the-duties-of-an-expert-the-expert-s-report-and-arrangements-for-an-expert-to-attend-court,"https://www.justice.gov.uk/courts/procedure-rules/family/practice_directions/practice-direction-25b-the-duties-of-an-expert,-the-experts-report-and-arrangements-for-an-expert-to-attend-court"
/guidance/the-family-procedure-rules/practice-direction-25c-children-proceedings-the-use-of-single-joint-experts-and-the-process-leading-to-an-expert-being-instructed-or-expert-evidence-being-put-before-the-court,https://www.justice.gov.uk/courts/procedure-rules/family/practice_directions/practice-direction-25c-children-proceedings-the-use-of-single-joint-experts-and-the-process-leading-to-an-expert-being-instructed-or-expert-evidence-being-put-before-the-court
/guidance/the-family-procedure-rules/practice-direction-25d-financial-remedy-proceedings-and-other-family-proceedings-except-children-proceedings-the-use-of-single-joint-experts-and-the-process-leading-to-expert-evidence-being-put-before-the-court,https://www.justice.gov.uk/courts/procedure-rules/family/practice_directions/practice-direction-25d-financial-remedy-proceedings-and-other-family-proceedings-except-children-proceedings-the-use-of-single-joint-experts-and-the-process-leading-to-expert-evidence-being-put-before-the-court
/guidance/the-family-procedure-rules/practice-direction-25e-discussions-between-experts-in-family-proceedings,https://www.justice.gov.uk/courts/procedure-rules/family/practice_directions/practice-direction-25e-discussions-between-experts-in-family-proceedings
/guidance/the-family-procedure-rules/practice-direction-25f-assessors-in-family-proceedings,https://www.justice.gov.uk/courts/procedure-rules/family/practice_directions/practice-direction-25f-assessors-in-family-proceedings
/guidance/the-family-procedure-rules/practice-direction-25g-toxicology-test-evidence,https://www.justice.gov.uk/courts/procedure-rules/family/practice_directions/practice-direction-25g-toxicology-test-evidence
/guidance/the-family-procedure-rules/part-26-change-of-solicitor,https://www.justice.gov.uk/courts/procedure-rules/family/parts/part_26
/guidance/the-family-procedure-rules/practice-direction-26a-change-of-solicitor,https://www.justice.gov.uk/courts/procedure-rules/family/practice_directions/pd_part_26a
/guidance/the-family-procedure-rules/part-27-hearings-and-directions-appointments,https://www.justice.gov.uk/courts/procedure-rules/family/parts/part_27
/guidance/the-family-procedure-rules/practice-direction-27a-family-proceedings-court-bundles-universal-practice-to-be-applied-in-the-high-court-and-family-court,https://www.justice.gov.uk/courts/procedure-rules/family/practice_directions/pd_part_27a
/guidance/the-family-procedure-rules/practice-direction-27b-attendance-of-media-representatives-at-hearings-in-family-proceedings,https://www.justice.gov.uk/courts/procedure-rules/family/practice_directions/pd_part_27b
/guidance/the-family-procedure-rules/part-28-costs,https://www.justice.gov.uk/courts/procedure-rules/family/parts/part_28
/guidance/the-family-procedure-rules/practice-direction-28a-costs,https://www.justice.gov.uk/courts/procedure-rules/family/practice_directions/pd_part_28a
/guidance/the-family-procedure-rules/part-29-miscellaneous,https://www.justice.gov.uk/courts/procedure-rules/family/parts/part_29
/guidance/the-family-procedure-rules/practice-direction-29a-human-rights-joining-the-crown,https://www.justice.gov.uk/courts/procedure-rules/family/practice_directions/pd_part_29a
/guidance/the-family-procedure-rules/practice-direction-29b-human-rights-act-1998,https://www.justice.gov.uk/courts/procedure-rules/family/practice_directions/pd_part_29b
/guidance/the-family-procedure-rules/practice-direction-29c-transfer-of-proceedings-from-the-family-court-to-the-high-court,https://www.justice.gov.uk/courts/procedure-rules/family/practice_directions/practice-direction-29c-transfer-of-proceedings-from-the-family-court-to-the-high-court
/guidance/the-family-procedure-rules/part-30-appeals,https://www.justice.gov.uk/courts/procedure-rules/family/parts/part_30
/guidance/the-family-procedure-rules/practice-direction-30a-appeals,https://www.justice.gov.uk/courts/procedure-rules/family/practice_directions/pd_part_30a
/guidance/the-family-procedure-rules/practice-direction-30b-appeals-transparency,https://www.justice.gov.uk/courts/procedure-rules/family/practice_directions/practice-direction-30b-appeals-transparency
/guidance/the-family-procedure-rules/part-31-registration-of-orders-under-the-council-regulation-the-civil-partnership-jurisdiction-and-recognition-of-judgments-regulations-2005-and-under-the-hague-convention-1996,https://www.justice.gov.uk/courts/procedure-rules/family/parts/part_31
/guidance/the-family-procedure-rules/practice-direction-31a-registration-of-orders-under-the-1996-hague-convention,https://www.justice.gov.uk/courts/procedure-rules/family/practice_directions/pd_part_31a
/guidance/the-family-procedure-rules/part-32-registration-and-enforcement-of-orders,https://www.justice.gov.uk/courts/procedure-rules/family/parts/part_32
/guidance/the-family-procedure-rules/practice-direction-32a-forms-relating-to-part-32,https://www.justice.gov.uk/courts/procedure-rules/family/practice_directions/practice-direction-32a-forms-relating-to-part-32
/guidance/the-family-procedure-rules/part-33-enforcement,https://www.justice.gov.uk/courts/procedure-rules/family/parts/part_33
/guidance/the-family-procedure-rules/practice-direction-33a-enforcement-of-undertakings,https://www.justice.gov.uk/courts/procedure-rules/family/practice_directions/pd_part_33a
/guidance/the-family-procedure-rules/part-34-reciprocal-enforcement-of-maintenance-orders,https://www.justice.gov.uk/courts/procedure-rules/family/parts/part_34
/guidance/the-family-procedure-rules/practice-direction-34a-reciprocal-enforcement-of-mainenance-orders,https://www.justice.gov.uk/courts/procedure-rules/family/practice_directions/pd_part_34a
/guidance/the-family-procedure-rules/practice-direction-34b-tracing-payers-overseas,https://www.justice.gov.uk/courts/procedure-rules/family/practice_directions/pd_part_34b
/guidance/the-family-procedure-rules/practice-direction-34c-revoked,https://www.justice.gov.uk/courts/procedure-rules/family/rules_pd_menu
/guidance/the-family-procedure-rules/practice-direction-34d-form-relating-to-part-34,https://www.justice.gov.uk/courts/procedure-rules/family/practice_directions/practice-direction-34d-form-relating-to-part-34
/guidance/the-family-procedure-rules/practice-direction-34e-reciprocal-enforcement-of-maintenance-orders-designated-family-judge-areas,https://www.justice.gov.uk/courts/procedure-rules/family/practice_directions/practice-direction-34e-reciprocal-enforcement-of-maintenance-orders-designated-family-judge-areas
/guidance/the-family-procedure-rules/part-35-mediation-directive,https://www.justice.gov.uk/courts/procedure-rules/family/rules_pd_menu
/guidance/the-family-procedure-rules/practice-direction-35a-revoked,https://www.justice.gov.uk/courts/procedure-rules/family/rules_pd_menu
/guidance/the-family-procedure-rules/part-36-transitional-arrangements-and-pilot-schemes,https://www.justice.gov.uk/courts/procedure-rules/family/parts/part_36
/guidance/the-family-procedure-rules/practice-direction-36a-transitional-arrangements,https://www.justice.gov.uk/courts/procedure-rules/family/practice_directions/pd_part_36a
/guidance/the-family-procedure-rules/practice-direction-36c-pilot-scheme-care-and-supervision-proceedings-and-other-proceedings-under-part-4-of-the-children-act-1989,https://www.justice.gov.uk/courts/procedure-rules/family/practice_directions/practice-direction-36c-pilot-scheme-care-and-supervision-proceedengs-and-other-proceedings-under-part-4-of-the-children-act-1989
/guidance/the-family-procedure-rules/practice-direction-36d-pilot-scheme-procedure-for-using-an-online-system-to-generate-applications-in-certain-proceedings-for-a-matrimonial-order,https://www.justice.gov.uk/courts/procedure-rules/family/practice_directions/practice-direction-36d-pilot-scheme-procedure-for-using-an-online-system-to-generate-applications-in-certain-proceedings-for-a-matrimonial-order
/guidance/the-family-procedure-rules/practice-direction-36e-pilot-scheme-procedure-for-online-filing-of-applications-in-certain-proceedings-for-a-matrimonial-order,https://www.justice.gov.uk/courts/procedure-rules/family/practice_directions/practice-direction-36e-pilot-scheme-procedure-for-online-filing-of-applications-in-certain-proceedings-for-a-matrimonial-order
/guidance/the-family-procedure-rules/practice-direction-36f-pilot-scheme-procedure-for-using-interventions-before-a-first-hearing-dispute-resolution-appointment-in-certain-private-law-proceedings-relating-to-chlidren,https://www.justice.gov.uk/courts/procedure-rules/family/practice_directions/practice-direction-36f-pilot-scheme-procedure-for-using-structured-interventions-before-a-first-hearing-dispute-resolution-appointment-in-certain-private-law-proceedings-relating-to-children
/guidance/the-family-procedure-rules/practice-direction-36g-pilot-scheme-procedure-for-using-an-online-system-to-generate-applications-in-certain-private-law-proceedings-relating-to-children,"https://www.justice.gov.uk/courts/procedure-rules/family/practice_directions/practice-direction-36g-pilot-scheme,-procedure-for-using-an-online-system-to-generate-applications-in-certain-private-law-proceedings-relating-to-children"
/guidance/the-family-procedure-rules/practice-direction-36h-pilot-scheme-procedure-for-service-of-certain-protection-orders-on-the-police,https://www.justice.gov.uk/courts/procedure-rules/family/practice_directions/practice-direction-36h-pilot-scheme-procedure-for-service-of-certain-protection-orders-on-the-police
/guidance/the-family-procedure-rules/practice-direction-36i-pilot-scheme-procedure-for-online-filing-of-certain-applications-for-consent-orders-for-a-financial-remedy-in-connection-with-matrimonial-proceedings,https://www.justice.gov.uk/courts/procedure-rules/family/practice_directions/practice-direction-36i-pilot-scheme
/guidance/the-family-procedure-rules/practice-direction-36j-pilot-scheme-transparency-attendance-at-hearings-in-private,https://www.justice.gov.uk/courts/procedure-rules/family/practice_directions/practice-direction-36j-pilot-scheme-transparency-attendance-at-hearings-in-private
/guidance/the-family-procedure-rules/practice-direction-36k-pilot-scheme-procedure-for-the-bulk-scanning-of-certain-private-law-applications,https://www.justice.gov.uk/courts/procedure-rules/family/practice_directions/practice-direction-36k-pilot-scheme-procedure-for-the-bulk-scanning-of-certain-private-law-applications
/guidance/the-family-procedure-rules/practice-direction-36l-pilot-scheme-procedure-for-using-an-online-system-to-complete-certain-stages-of-certain-proceedings-for-a-matrimonial-order,https://www.justice.gov.uk/courts/procedure-rules/family/practice_directions/practice-direction-36l-pilot-scheme-procedure-for-using-an-online-system-to-complete-certain-stages-of-certain-proceedings-for-a-matrimonial-order
/guidance/the-family-procedure-rules/practice-direction-36m-pilot-scheme-online-system-for-certain-public-law-proceedings-and-emergency-proceedings-relating-to-children,https://www.justice.gov.uk/courts/procedure-rules/family/practice_directions/practice-direction-36m
/guidance/the-family-procedure-rules/practice-direction-36n-pilot-scheme-procedure-for-online-filing-and-progression-of-certain-applications-for-a-financial-remedy-in-connection-with-certain-proceedings-for-a-matrimonial-order,https://www.justice.gov.uk/courts/procedure-rules/family/practice_directions/practice-direction-36n-pilot-scheme-procedure-for-online-filing-and-progression-of-certain-applications-for-a-financial-remedy-in-connection-with-certain-proceedings-for-a-matrimonial-order
/guidance/the-family-procedure-rules/practice-direction-36o-pilot-scheme-procedure-for-bulk-scanning-of-certain-documents,https://www.justice.gov.uk/courts/procedure-rules/family/practice_directions/practice-direction-36o-pilot-scheme-procedure-for-bulk-scanning-of-certain-documents
/guidance/the-family-procedure-rules/practice-direction-36p-pilot-scheme-placement-proceedings-procedure-for-specified-steps-to-be-taken-via-the-online-system,https://www.justice.gov.uk/courts/procedure-rules/family/practice_directions/new-practice-direction-36p-pilot-scheme-placement-proceedings-procedure-for-specified-steps-to-be-taken-via-the-online-system
/guidance/the-family-procedure-rules/practice-direction-36q-pilot-provision-modification-of-practice-direction-12b-coronavirus,https://www.justice.gov.uk/courts/procedure-rules/family/practice_directions/practice-direction-36q-pilot-provision-modification-of-practice-direction-12b-coronavirus
/guidance/the-family-procedure-rules/practice-direction-36r-pilot-provision-modification-of-practice-directions-2c-5b-and-12a-coronavirus,"https://www.justice.gov.uk/courts/procedure-rules/family/practice_directions/practice-direction-36r-pilot-provision-modification-of-practice-directions-2c,-5b-and-12a-coronavirus"
/guidance/the-family-procedure-rules/practice-direction-36s-pilot-provision-announcements-in-open-court-suspension-of-certain-requirements,https://www.justice.gov.uk/courts/procedure-rules/family/practice_directions/practice-direction-36s-pilot-provision-announcements-in-open-court-suspension-of-certain-requirements
/guidance/the-family-procedure-rules/practice-direction-36t-pilot-provision-proceeding-by-electronic-means-procedure-for-an-application-for-a-consent-order-for-a-financial-remedy-in-connection-with-divorce-proceedings-comes-into-force-24-august-2020,https://www.justice.gov.uk/courts/procedure-rules/family/practice_directions/practice-direction-36t-pilot-provision-proceeding-by-electronic-means-procedure-for-an-application-for-a-consent-order-for-a-financial-remedy-in-connection-with-divorce-proceedings
/guidance/the-family-procedure-rules/practice-direction-36u-pilot-provision-service-and-notification-of-applications-and-orders-under-part-4-of-the-family-law-act-1996-comes-into-force-3-august-2020,https://www.justice.gov.uk/courts/procedure-rules/family/practice_directions/new-practice-direction-36u-pilot-provision-service-and-notification-of-applications-and-orders-under-part-4-of-the-family-law-act-1996
/guidance/the-family-procedure-rules/practice-direction-36v-pilot-scheme-family-mediation-voucher-scheme,https://www.justice.gov.uk/courts/procedure-rules/family/practice_directions/practice-direction-36v-pilot-scheme-family-mediation-voucher-scheme
/guidance/the-family-procedure-rules/practice-direction-36w-pilot-scheme-procedure-for-notification-of-certain-protection-orders-to-the-police-by-email,https://www.justice.gov.uk/courts/procedure-rules/family/practice_directions/practice-direction-36w-pilot-scheme-procedure-for-notification-of-certain-protection-orders-to-the-police-by-email
/guidance/the-family-procedure-rules/part-37-applications-and-proceedings-in-relation-to-contempt-of-court,https://www.justice.gov.uk/courts/procedure-rules/family/parts/part-37-applications-and-proceedings-in-relation-to-contempt-of-court
/guidance/the-family-procedure-rules/practice-direction-37a-applications-and-proceedings-in-relation-to-contempt-of-court,https://www.justice.gov.uk/courts/procedure-rules/family/practice_directions/practice-direction-37a-applications-and-proceedings-in-relation-to-contempt-of-court
/guidance/the-family-procedure-rules/part-38-recognition-and-enforcement-of-protection-measures,https://www.justice.gov.uk/courts/procedure-rules/family/parts/part-38-recognition-and-enforcement-of-protection-measures
/guidance/the-family-procedure-rules/practice-direction-38a-recognition-and-enforcement-of-protection-measures,https://www.justice.gov.uk/courts/procedure-rules/family/practice_directions/practice-direction-38a-recognition-and-enforcement-of-protection-measures
/guidance/the-family-procedure-rules/part-39-attachment-of-earnings,https://www.justice.gov.uk/courts/procedure-rules/family/parts/part-39-attachment-of-earnings
/guidance/the-family-procedure-rules/part-40-charging-order-stop-order-stop-notice,"https://www.justice.gov.uk/courts/procedure-rules/family/parts/part-40-charging-order,-stop-order,-stop-notice"
/guidance/the-family-procedure-rules/practice-direction-40a-charging-order-stop-orders-stop-notices,"https://www.justice.gov.uk/courts/procedure-rules/family/practice_directions/practice-direction-40a-charging-orders,-stop-orders-and-stop-notices"
/guidance/the-family-procedure-rules/part-41-proceeding-by-electronic-means,https://www.justice.gov.uk/courts/procedure-rules/family/parts/part-41-proceeding-by-electronic-means
/guidance/the-family-procedure-rules/practice-direction-41a-proceeding-by-electronic-means-certain-proceedings-for-a-matrimonial-order,https://www.justice.gov.uk/courts/procedure-rules/family/practice_directions/practice-direction-41a-proceeding-by-electronic-means-certain-proceedings-for-a-matrimonial-order
/guidance/the-family-procedure-rules/practice-direction-41b-proceeding-by-electronic-means-procedure-for-an-application-for-a-consent-order-for-a-financial-remedy-in-connection-with-divorce-proceedings,https://www.justice.gov.uk/courts/procedure-rules/family/practice_directions/practice-direction-41a-proceeding-by-electronic-means-certain-proceedings-for-a-matrimonial-order/practice-direction-41b-proceeding-by-electronic-means-procedure-for-an-application-for-a-consent-order-for-a-financial-remedy-in-connection-with-divorce-proceedings
/guidance/the-family-procedure-rules/practice-direction-41c-proceeding-by-electronic-means-appeals-in-family-proceedings-heard-in-the-high-court-pd-comes-into-force-1-february-2021,https://www.justice.gov.uk/courts/procedure-rules/family/practice_directions/practice-direction-41c-proceeding-by-electronic-means-appeals-in-family-proceedings-heard-in-the-high-court
